Source,Sentence Count,Mean Sentence Length,Mean Avg DL,Median Avg DL,Max DL,DL Growth Rate,Correlation
Human,7130,21.403085553997194,2.9521339268826834,2.9411764705882355,129,0.04769421400100802,0.7204431199639546
LLM,2,49.5,3.1734022556390977,3.1734022556390977,27,0.06257419865453105,1.0
