depth,early_context_attention
0,0.39945227
1,0.16996273
2,0.10361185
3,0.0762024
4,0.050897826
5,0.039709035
